{
  "name": "MCCI Arduino LoRaWAN Library",
  "keywords": "ttn, lora, the things network, lorawan, helium, chirpstack",
  "description": "High-level library for LoRaWAN-based Arduino end-devices",
  "repository":
  {
    "type": "git",
    "url": "https://github.com/mcci-catena/arduino-lorawan"
  },
  "authors":
  [
    {
      "name": "Terry Moore",
      "email": "tmm@mcci.com",
      "maintainer": true
    },
    {
      "name": "ChaeHee Won"
    }
  ],
  "dependencies":
  [
    {
      "name": "MCCI LoRaWAN LMIC library",
      "version": "https://github.com/mcci-catena/arduino-lmic.git",
      "authors": ["Matthijs Kooijman <matthijs@stdin.nl>", "Terry Moore <tmm@mcci.com>"]
    },
    {
      "name": "MCCI Arduino Development Kit ADK",
      "version": "https://github.com/mcci-catena/Catena-mcciadk.git",
      "authors": ["Terry Moore <tmm@mcci.com>"]
    }
  ],
  "version": "0.9.2",
  "frameworks": "arduino",
  "platforms": "*"
}
